<?xml version="1.0" encoding="UTF-8"?><SaleToPOIResponse xmlns:xsi="http://www.w3.org/2001/XMLSchema-instance" xsi:noNamespaceSchemaLocation="EpasSaleToPOIMessages.xsd"><MessageHeader ProtocolVersion="3.0" MessageClass="Service" MessageCategory="Login" MessageType="Response" ServiceID="498" SaleID="SaleTermA" POIID="POITerm1"/><LoginResponse><Response Result="Success"/><POISystemData><DateTime>2015-03-08T09:13:49.8+01:00</DateTime><POISoftware ManufacturerID="ElecFundsCo" ApplicationName="POISys" SoftwareVersion="5.0.001" CertificationCode="ECTS2PP001"/><POITerminalData TerminalEnvironment="Attended" POISerialNumber="78910AA46010005"><POICapabilities>CustomerDisplay CustomerError MagStripe ICC CashHandling</POICapabilities><POIProfile GenericProfile="Extended"><ServiceProfiles>Loyalty PIN CardReader</ServiceProfiles></POIProfile></POITerminalData><POIStatus GlobalStatus="OK" SecurityOKFlag="true" PEDOKFlag="true" CardReaderOKFlag="true" PrinterStatus="OK" CommunicationOKFlag="true"><CashHandlingDevice CashHandlingOKFlag="true" Currency="EUR"><CoinsOrBills UnitValue="2" Number="8"/><CoinsOrBills UnitValue="1" Number="43"/><CoinsOrBills UnitValue="0.50" Number="19"/><CoinsOrBills UnitValue="0.20" Number="38"/><CoinsOrBills UnitValue="0.10" Number="27"/><CoinsOrBills UnitValue="0.05" Number="0"/></CashHandlingDevice></POIStatus></POISystemData></LoginResponse></SaleToPOIResponse>