<?xml version="1.0" encoding="UTF-8"?><SaleToPOIRequest xmlns:xsi="http://www.w3.org/2001/XMLSchema-instance" xsi:noNamespaceSchemaLocation="EpasSaleToPOIMessages.xsd"><MessageHeader MessageClass="Service" MessageCategory="Payment" MessageType="Request" ServiceID="642" SaleID="SaleTermA" POIID="POITerm1"/><PaymentRequest><SaleData><SaleTransactionID TransactionID="580" TimeStamp="2010-06-10T22:53:12.6+01:00"/></SaleData><PaymentTransaction><AmountsReq Currency="EUR" RequestedAmount="31.00"/><TransactionConditions LoyaltyHandling="Forbidden"/></PaymentTransaction></PaymentRequest><SecurityTrailer ContentType="id-ct-authData"><AuthenticatedData Version="v0" MAC="9EEa5E0qcXs="><KEK Version="v4" EncryptedKey="nPTi3hKiYORdCC1dzOTQUA=="><KEKIdentifier KeyIdentifier="SpecV1TestMACKey" KeyVersion="2010060715"/><KeyEncryptionAlgorithm Algorithm="des-ede3-cbc"/></KEK><MACAlgorithm Algorithm="id-retail-cbc-mac-sha-256"/><EncapsulatedContent ContentType="id-data"/></AuthenticatedData></SecurityTrailer></SaleToPOIRequest>