<?xml version="1.0" encoding="UTF-8"?><SaleToPOIResponse xmlns:xsi="http://www.w3.org/2001/XMLSchema-instance" xsi:noNamespaceSchemaLocation="EpasSaleToPOIMessages.xsd"><MessageHeader MessageClass="Service" MessageCategory="Payment" MessageType="Response" ServiceID="642" SaleID="SaleTermA" POIID="POITerm1"/><PaymentResponse><Response Result="Success"/><SaleData><SaleTransactionID TransactionID="580" TimeStamp="2010-06-10T22:53:12.6+01:00"/></SaleData><POIData POIReconciliationID="200903101"><POITransactionID TransactionID="482" TimeStamp="2010-06-10T22:53:12.6+01:00"/></POIData><PaymentResult><PaymentInstrumentData PaymentInstrumentType="Card"><CardData PaymentBrand="VISA" EntryMode="MagStripe"><ProtectedCardData ContentType="id-envelopedData"><EnvelopedData Version="v0"><KEK Version="v4" EncryptedKey="nPTi3hKiYORdCC1dzOTQUA=="><KEKIdentifier KeyIdentifier="SpecV1TestDATKey" KeyVersion="2010060715"/><KeyEncryptionAlgorithm Algorithm="des-ede3-cbc"/></KEK><EncryptedContent ContentType="id-data"><ContentEncryptionAlgorithm Algorithm="des-ede3-cbc"><Parameter InitialisationVector="onu0bRwwbgk="/></ContentEncryptionAlgorithm><EncryptedData>/swslg9VJdgqgrnmQZNFRaaKVWsB4FlJyIj3UtxClq6jdwRODpJvQIQqhO711twnHCjX9+3bQM0tyvONPgI4qlgRyHnvkr8y</EncryptedData></EncryptedContent></EnvelopedData></ProtectedCardData></CardData></PaymentInstrumentData><AmountsResp AuthorizedAmount="31.00"/><PaymentAcquirerData AcquirerID="497867" MerchantID="mer77-130209" AcquirerPOIID="456"><ApprovalCode>9473</ApprovalCode></PaymentAcquirerData></PaymentResult></PaymentResponse><SecurityTrailer ContentType="id-ct-authData"><AuthenticatedData Version="v0" MAC="yZizUeOf4tA="><KEK Version="v4" EncryptedKey="nPTi3hKiYORdCC1dzOTQUA=="><KEKIdentifier KeyIdentifier="SpecV1TestMACKey" KeyVersion="2010060715"/><KeyEncryptionAlgorithm Algorithm="des-ede3-cbc"/></KEK><MACAlgorithm Algorithm="id-retail-cbc-mac-sha-256"/><EncapsulatedContent ContentType="id-data"/></AuthenticatedData></SecurityTrailer></SaleToPOIResponse>