<?xml version="1.0" encoding="UTF-8"?><SaleToPOIResponse xmlns:xsi="http://www.w3.org/2001/XMLSchema-instance" xsi:noNamespaceSchemaLocation="EpasSaleToPOIMessages.xsd"><MessageHeader MessageClass="Service" MessageCategory="CardAcquisition" MessageType="Response" ServiceID="653" SaleID="SaleTermA" POIID="POITerm1"/><CardAcquisitionResponse><Response Result="Success"/><SaleData><SaleTransactionID TransactionID="589" TimeStamp="2009-08-05T22:17:52.33+01:00"/></SaleData><POIData POIReconciliationID="200903101"><POITransactionID TransactionID="491" TimeStamp="2009-08-05T22:18:34.06+01:00"/></POIData><PaymentBrand>CardFlash</PaymentBrand></CardAcquisitionResponse></SaleToPOIResponse>