<?xml version="1.0" encoding="UTF-8"?><SaleToPOIRequest xmlns:xsi="http://www.w3.org/2001/XMLSchema-instance" xsi:noNamespaceSchemaLocation="EpasSaleToPOIMessages.xsd"><MessageHeader MessageClass="Service" MessageCategory="Payment" MessageType="Request" ServiceID="654" SaleID="SaleTermA" POIID="POITerm1"/><PaymentRequest><SaleData><SaleTransactionID TransactionID="589" TimeStamp="2009-08-05T22:17:52.33+01:00"/></SaleData><PaymentTransaction><AmountsReq Currency="EUR" RequestedAmount="174"/><TransactionConditions LoyaltyHandling="Forbidden"/></PaymentTransaction><PaymentData PaymentType="Normal"><CardAcquisitionReference TransactionID="491" TimeStamp="2009-08-05T22:18:34.06+01:00"/></PaymentData></PaymentRequest></SaleToPOIRequest>