<?xml version="1.0" encoding="UTF-8"?><SaleToPOIResponse xmlns:xsi="http://www.w3.org/2001/XMLSchema-instance" xsi:noNamespaceSchemaLocation="EpasSaleToPOIMessages.xsd"><MessageHeader MessageClass="Service" MessageCategory="Payment" MessageType="Response" ServiceID="643" SaleID="SaleTermA" POIID="POITerm1"/><PaymentResponse><Response Result="Success"/><SaleData><SaleTransactionID TransactionID="581" TimeStamp="2015-04-06T10:42:34.1+01:00"/></SaleData><POIData POIReconciliationID="200903101"><POITransactionID TransactionID="479" TimeStamp="2015-04-06T10:43:02.9+01:00"/></POIData><PaymentResult PaymentType="Normal"><PaymentInstrumentData PaymentInstrumentType="Card"><CardData PaymentBrand="FleetUniverse" EntryMode="MagStripe"><SensitiveCardData PAN="6900014570541535" ExpiryDate="0411"/></CardData></PaymentInstrumentData><AmountsResp AuthorizedAmount="38.52"/><PaymentAcquirerData AcquirerID="690001" MerchantID="mer77-130209" AcquirerPOIID="963276433"><ApprovalCode>6541</ApprovalCode></PaymentAcquirerData></PaymentResult></PaymentResponse></SaleToPOIResponse>