<?xml version="1.0" encoding="UTF-8"?><SaleToPOIResponse xmlns:xsi="http://www.w3.org/2001/XMLSchema-instance" xsi:noNamespaceSchemaLocation="EpasSaleToPOIMessages.xsd"><MessageHeader MessageClass="Service" MessageCategory="Payment" MessageType="Response" ServiceID="644" SaleID="SaleTermA" POIID="POITerm1"/><PaymentResponse><Response Result="Partial"/><SaleData><SaleTransactionID TransactionID="581" TimeStamp="2009-03-11T10:37:21.9+01:00"/></SaleData><POIData POIReconciliationID="200903101"><POITransactionID TransactionID="481" TimeStamp="2009-03-11T10:42:52.4+01:00"/></POIData><PaymentResult PaymentType="Normal"><PaymentInstrumentData PaymentInstrumentType="Card"><CardData PaymentBrand="MerRel" EntryMode="MagStripe"><SensitiveCardData PAN="7011014570541535"/></CardData></PaymentInstrumentData><AmountsResp AuthorizedAmount="31.12" TotalFeesAmount="0.19"/><PaymentAcquirerData MerchantID="mer77-130209" AcquirerPOIID="65-POITerm1"/></PaymentResult></PaymentResponse></SaleToPOIResponse>