<?xml version="1.0" encoding="UTF-8"?><SaleToPOIResponse xmlns:xsi="http://www.w3.org/2001/XMLSchema-instance" xsi:noNamespaceSchemaLocation="EpasSaleToPOIMessages.xsd"><MessageHeader MessageClass="Service" MessageCategory="Loyalty" MessageType="Response" ServiceID="683" SaleID="SaleTermA" POIID="POITerm1"/><LoyaltyResponse><Response Result="Success"/><SaleData><SaleTransactionID TransactionID="593" TimeStamp="2009-08-09T18:35:44.9+01:00"/></SaleData><POIData POIReconciliationID="200903101"><POITransactionID TransactionID="504" TimeStamp="2009-08-09T18:36:52.2+01:00"/></POIData><LoyaltyResult CurrentBalance="37"><LoyaltyAccount LoyaltyBrand="MerBonus"><LoyaltyAccountID EntryMode="Scanned" IdentificationType="AccountNumber" IdentificationSupport="NoCard">201401</LoyaltyAccountID></LoyaltyAccount><LoyaltyAmount>5</LoyaltyAmount></LoyaltyResult></LoyaltyResponse></SaleToPOIResponse>