<?xml version="1.0" encoding="UTF-8"?><SaleToPOIResponse xmlns:xsi="http://www.w3.org/2001/XMLSchema-instance" xsi:noNamespaceSchemaLocation="EpasSaleToPOIMessages.xsd"><MessageHeader MessageClass="Service" MessageCategory="Payment" MessageType="Response" ServiceID="654" SaleID="SaleTermA" POIID="POITerm1"/><PaymentResponse><Response Result="Success"/><SaleData><SaleTransactionID TransactionID="589" TimeStamp="2009-08-05T22:17:52.33+01:00"/></SaleData><POIData POIReconciliationID="200903101"><POITransactionID TransactionID="491" TimeStamp="2009-08-05T22:18:34.06+01:00"/></POIData><PaymentResult PaymentType="Normal"><PaymentInstrumentData PaymentInstrumentType="Card"><CardData PaymentBrand="CardFlash" EntryMode="ICC"><ProtectedCardData ContentType="id-digestedData"><DigestedData><DigestAlgorithm Algorithm="id-sha256"/><EncapsulatedContent ContentType="id-data"/><Digest>/lL/8mO+3TKHRrbFQU0lmnGIPPqUUmGH2ByP+vdYcio=</Digest></DigestedData></ProtectedCardData></CardData></PaymentInstrumentData><AmountsResp AuthorizedAmount="174"/><PaymentAcquirerData AcquirerID="497867" MerchantID="mer77-130209" AcquirerPOIID="456"><ApprovalCode>9473</ApprovalCode></PaymentAcquirerData></PaymentResult></PaymentResponse></SaleToPOIResponse>