<?xml version="1.0" encoding="UTF-8"?><SaleToPOIResponse xmlns:xsi="http://www.w3.org/2001/XMLSchema-instance" xsi:noNamespaceSchemaLocation="EpasSaleToPOIMessages.xsd"><MessageHeader MessageClass="Service" MessageCategory="Payment" MessageType="Response" ServiceID="643" SaleID="SaleTermA" POIID="POITerm1"/><PaymentResponse><Response Result="Success"/><SaleData><SaleTransactionID TransactionID="592" TimeStamp="2015-04-06T18:26:34.1+01:00"/></SaleData><POIData POIReconciliationID="200903101"><POITransactionID TransactionID="479" TimeStamp="2015-04-06T18:26:43.9+01:00"/></POIData><PaymentResult PaymentType="Normal"><PaymentInstrumentData PaymentInstrumentType="Card"><CardData PaymentBrand="FleetUniverse" EntryMode="MagStripe"><SensitiveCardData PAN="6900014570541535" ExpiryDate="0411"/></CardData></PaymentInstrumentData><AmountsResp AuthorizedAmount="38.37"/><PaymentAcquirerData AcquirerID="690001" MerchantID="mer77-130209" AcquirerPOIID="963276433"><ApprovalCode>6541</ApprovalCode></PaymentAcquirerData></PaymentResult><LoyaltyResult><LoyaltyAccount LoyaltyBrand="FleetBonus"><LoyaltyAccountID EntryMode="MagStripe" IdentificationType="PAN" IdentificationSupport="LinkedCard">6900014570541535</LoyaltyAccountID></LoyaltyAccount><Rebates><SaleItemRebate ItemID="1" ProductCode="673" ItemAmount="0.15"><RebateLabel>Special promotion</RebateLabel></SaleItemRebate></Rebates></LoyaltyResult></PaymentResponse></SaleToPOIResponse>