<?xml version="1.0" encoding="UTF-8"?><SaleToPOIRequest xmlns:xsi="http://www.w3.org/2001/XMLSchema-instance" xsi:noNamespaceSchemaLocation="EpasSaleToPOIMessages.xsd"><MessageHeader MessageClass="Service" MessageCategory="Payment" MessageType="Request" ServiceID="651" SaleID="SaleTermA" POIID="POITerm1"/><PaymentRequest><SaleData><SaleTransactionID TransactionID="581" TimeStamp="2009-08-09T17:17:21.9+01:00"/></SaleData><PaymentTransaction><AmountsReq Currency="EUR" RequestedAmount="38.01"/><TransactionConditions LoyaltyHandling="Require"/></PaymentTransaction><PaymentData PaymentType="Normal"><PaymentInstrumentData PaymentInstrumentType="Card"><CardData EntryMode="Scanned"><SensitiveCardData PAN="7011014570541535"/></CardData></PaymentInstrumentData></PaymentData><LoyaltyData><LoyaltyAccountID EntryMode="Scanned" IdentificationType="PAN">7011014570541535</LoyaltyAccountID></LoyaltyData></PaymentRequest></SaleToPOIRequest>