<?xml version="1.0" encoding="UTF-8"?><SaleToPOIResponse xmlns:xsi="http://www.w3.org/2001/XMLSchema-instance" xsi:noNamespaceSchemaLocation="EpasSaleToPOIMessages.xsd"><MessageHeader MessageClass="Service" MessageCategory="Loyalty" MessageType="Response" ServiceID="666" SaleID="SaleTermA" POIID="POITerm1"/><LoyaltyResponse><Response Result="Success"/><SaleData><SaleTransactionID TransactionID="582" TimeStamp="2009-08-09T18:33:21.9+01:00"/></SaleData><POIData POIReconciliationID="200903101"><POITransactionID TransactionID="491" TimeStamp="2009-08-09T18:33:52.4+01:00"/></POIData><LoyaltyResult CurrentBalance="42"><LoyaltyAccount LoyaltyBrand="MerBonus"><LoyaltyAccountID EntryMode="Scanned" IdentificationType="AccountNumber" IdentificationSupport="NoCard">201401</LoyaltyAccountID></LoyaltyAccount><LoyaltyAmount>5</LoyaltyAmount></LoyaltyResult></LoyaltyResponse></SaleToPOIResponse>