<?xml version="1.0" encoding="UTF-8"?><SaleToPOIRequest xmlns:xsi="http://www.w3.org/2001/XMLSchema-instance" xsi:noNamespaceSchemaLocation="EpasSaleToPOIMessages.xsd"><MessageHeader MessageClass="Service" MessageCategory="Loyalty" MessageType="Request" ServiceID="683" SaleID="SaleTermA" POIID="POITerm1"/><LoyaltyRequest><SaleData><SaleTransactionID TransactionID="593" TimeStamp="2009-08-09T18:35:44.9+01:00"/></SaleData><LoyaltyTransaction LoyaltyTransactionType="AwardRefund"><OriginalPOITransaction ReuseCardDataFlag="true"><POITransactionID TransactionID="491" TimeStamp="2009-08-09T18:33:52.4+01:00"/></OriginalPOITransaction></LoyaltyTransaction><LoyaltyData><LoyaltyAmount>5</LoyaltyAmount></LoyaltyData></LoyaltyRequest></SaleToPOIRequest>