<?xml version="1.0" encoding="UTF-8"?><SaleToPOIResponse xmlns:xsi="http://www.w3.org/2001/XMLSchema-instance" xsi:noNamespaceSchemaLocation="EpasSaleToPOIMessages.xsd"><MessageHeader MessageClass="Service" MessageCategory="Payment" MessageType="Response" ServiceID="651" SaleID="SaleTermA" POIID="POITerm1"/><PaymentResponse><Response Result="Success"/><SaleData><SaleTransactionID TransactionID="581" TimeStamp="2009-08-09T17:17:21.9+01:00"/></SaleData><POIData POIReconciliationID="200903101"><POITransactionID TransactionID="491" TimeStamp="2009-08-09T17:20:52.4+01:00"/></POIData><PaymentResult PaymentType="Normal"><PaymentInstrumentData PaymentInstrumentType="Card"><CardData PaymentBrand="MerRel" EntryMode="MagStripe"><SensitiveCardData PAN="7011014570541535"/></CardData></PaymentInstrumentData><AmountsResp AuthorizedAmount="38.01"/><PaymentAcquirerData MerchantID="mer77-130209" AcquirerPOIID="65-POITerm1"/></PaymentResult><LoyaltyResult CurrentBalance="15"><LoyaltyAccount LoyaltyBrand="MerBonus"><LoyaltyAccountID EntryMode="Scanned" IdentificationType="PAN" IdentificationSupport="HybridCard">7011014570541535</LoyaltyAccountID></LoyaltyAccount><LoyaltyAmount>5</LoyaltyAmount></LoyaltyResult></PaymentResponse></SaleToPOIResponse>