<?xml version="1.0" encoding="UTF-8"?><SaleToPOIResponse xmlns:xsi="http://www.w3.org/2001/XMLSchema-instance" xsi:noNamespaceSchemaLocation="EpasSaleToPOIMessages.xsd"><MessageHeader MessageClass="Service" MessageCategory="Reconciliation" MessageType="Response" ServiceID="617" SaleID="SaleServer" POIID="POIServer"/><ReconciliationResponse POIReconciliationID="8926" ReconciliationType="SaleReconciliation"><Response Result="Success"/><TransactionTotals PaymentInstrumentType="Card" AcquirerID="876355543" HostReconciliationID="98535" CardBrand="Visa" PaymentCurrency="EUR"><PaymentTotals TransactionType="Debit" TransactionCount="182" TransactionAmount="47184.17"/><PaymentTotals TransactionType="Credit" TransactionCount="1" TransactionAmount="27.01"/></TransactionTotals><TransactionTotals PaymentInstrumentType="Card" AcquirerID="876355543" HostReconciliationID="98535" CardBrand="ExpressCard" PaymentCurrency="EUR"><PaymentTotals TransactionType="Debit" TransactionCount="157" TransactionAmount="3753.61"/><PaymentTotals TransactionType="ReverseDebit" TransactionCount="1" TransactionAmount="37.99"/></TransactionTotals><TransactionTotals PaymentInstrumentType="Card" AcquirerID="93582" CardBrand="SuperBonus"><LoyaltyTotals TransactionType="Award" TransactionCount="143" TransactionAmount="1889"/></TransactionTotals></ReconciliationResponse></SaleToPOIResponse>