<?xml version="1.0" encoding="UTF-8"?><SaleToPOIResponse xmlns:xsi="http://www.w3.org/2001/XMLSchema-instance" xsi:noNamespaceSchemaLocation="EpasSaleToPOIMessages.xsd"><MessageHeader MessageClass="Service" MessageCategory="StoredValue" MessageType="Response" ServiceID="630" SaleID="SaleTermA" POIID="POITerm1"/><StoredValueResponse><Response Result="Success"/><SaleData><SaleTransactionID TransactionID="580" TimeStamp="2009-07-22T23:08:42.4+01:00"/></SaleData><POIData POIReconciliationID="200903101"><POITransactionID TransactionID="481" TimeStamp="2009-07-22T23:09:05.1+01:00"/></POIData><StoredValueResult StoredValueTransactionType="Load" ProductCode="512" ItemAmount="14.99" Currency="EUR"><StoredValueAccountStatus CurrentBalance="14.99"><StoredValueAccountID StoredValueAccountType="GiftCard" EntryMode="MagStripe" IdentificationType="AccountNumber">8678252755678</StoredValueAccountID></StoredValueAccountStatus></StoredValueResult></StoredValueResponse></SaleToPOIResponse>