<?xml version="1.0" encoding="UTF-8"?><SaleToPOIResponse xmlns:xsi="http://www.w3.org/2001/XMLSchema-instance" xsi:noNamespaceSchemaLocation="EpasSaleToPOIMessages.xsd"><MessageHeader MessageClass="Service" MessageCategory="Payment" MessageType="Response" ServiceID="633" SaleID="SaleTermA" POIID="POITerm1"/><PaymentResponse><Response Result="Success"/><SaleData><SaleTransactionID TransactionID="582" TimeStamp="2009-08-09T20:06:33.1+01:00"/></SaleData><POIData POIReconciliationID="200903101"><POITransactionID TransactionID="492" TimeStamp="2009-08-09T20:33:52.0+01:00"/></POIData><PaymentResult PaymentType="Normal"><PaymentInstrumentData PaymentInstrumentType="Card"><CardData PaymentBrand="MerRel" EntryMode="MagStripe"><SensitiveCardData PAN="7011014570541535"/></CardData></PaymentInstrumentData><AmountsResp AuthorizedAmount="68.95"/><PaymentAcquirerData MerchantID="mer77-130209" AcquirerPOIID="65-POITerm1"/></PaymentResult></PaymentResponse></SaleToPOIResponse>