<?xml version="1.0" encoding="UTF-8"?><SaleToPOIRequest xmlns:xsi="http://www.w3.org/2001/XMLSchema-instance" xsi:noNamespaceSchemaLocation="EpasSaleToPOIMessages.xsd"><MessageHeader MessageClass="Service" MessageCategory="Payment" MessageType="Request" ServiceID="633" SaleID="SaleTermA" POIID="POITerm1"/><PaymentRequest><SaleData><SaleTransactionID TransactionID="582" TimeStamp="2009-08-09T20:06:33.1+01:00"/></SaleData><PaymentTransaction><AmountsReq Currency="EUR" RequestedAmount="38.01"/><TransactionConditions LoyaltyHandling="Require"/></PaymentTransaction><PaymentData PaymentType="Normal"><PaymentInstrumentData PaymentInstrumentType="Card"><CardData EntryMode="Scanned"><SensitiveCardData PAN="7011014570541535"/></CardData></PaymentInstrumentData></PaymentData></PaymentRequest></SaleToPOIRequest>