<?xml version="1.0" encoding="UTF-8"?><SaleToPOIResponse xmlns:xsi="http://www.w3.org/2001/XMLSchema-instance" xsi:noNamespaceSchemaLocation="EpasSaleToPOIMessages.xsd"><MessageHeader MessageClass="Service" MessageCategory="Batch" MessageType="Response" ServiceID="670" SaleID="SaleTermA" POIID="POITerm1"/><BatchResponse><Response Result="Success"/><PerformedTransaction><Response Result="Success"/><POIData POIReconciliationID="201406221"><POITransactionID TransactionID="481" TimeStamp="2014-06-22T23:08:42.4+01:00"/></POIData><PaymentResult PaymentType="Normal"><PaymentInstrumentData PaymentInstrumentType="Card"><CardData PaymentBrand="CardPlus" EntryMode="MagStripe"><SensitiveCardData PAN="0011014570541535" ExpiryDate="0417"/></CardData></PaymentInstrumentData><AmountsResp AuthorizedAmount="104.11"/><PaymentAcquirerData AcquirerID="400012" MerchantID="mer77-130209" AcquirerPOIID="963276433"><ApprovalCode>8347</ApprovalCode></PaymentAcquirerData></PaymentResult></PerformedTransaction><PerformedTransaction><Response Result="Partial"/><POIData POIReconciliationID="201406221"><POITransactionID TransactionID="482" TimeStamp="2014-06-22T23:30:02.4+01:00"/></POIData><PaymentResult PaymentType="Normal"><PaymentInstrumentData PaymentInstrumentType="Card"><CardData PaymentBrand="MerRel" EntryMode="MagStripe"><SensitiveCardData PAN="7011014570541535"/></CardData></PaymentInstrumentData><AmountsResp AuthorizedAmount="31.12" TotalFeesAmount="0.19"/><PaymentAcquirerData MerchantID="mer77-130209" AcquirerPOIID="65-POITerm1"/></PaymentResult></PerformedTransaction></BatchResponse></SaleToPOIResponse>