<?xml version="1.0" encoding="UTF-8"?><SaleToPOIResponse xmlns:xsi="http://www.w3.org/2001/XMLSchema-instance" xsi:noNamespaceSchemaLocation="EpasSaleToPOIMessages.xsd"><MessageHeader MessageClass="Service" MessageCategory="GetTotals" MessageType="Response" ServiceID="619" SaleID="SaleServer" POIID="POIServer"/><GetTotalsResponse POIReconciliationID="8927"><Response Result="Success"/><TransactionTotals PaymentInstrumentType="Card" AcquirerID="876355543" HostReconciliationID="98535" CardBrand="CardPlus" SaleID="SaleTermA" OperatorID="213" ShiftNumber="1" PaymentCurrency="EUR"><PaymentTotals TransactionType="Debit" TransactionCount="61" TransactionAmount="4253.19"/><PaymentTotals TransactionType="Credit" TransactionCount="1" TransactionAmount="27.01"/></TransactionTotals><TransactionTotals PaymentInstrumentType="Card" AcquirerID="876355543" HostReconciliationID="98535" CardBrand="CardPlus" SaleID="SaleTermD" OperatorID="213" ShiftNumber="2" PaymentCurrency="EUR"><PaymentTotals TransactionType="Debit" TransactionCount="45" TransactionAmount="744.79"/></TransactionTotals><TransactionTotals PaymentInstrumentType="Card" AcquirerID="876355543" HostReconciliationID="98535" CardBrand="ExpressCard" SaleID="SaleTermD" OperatorID="29" ShiftNumber="1" PaymentCurrency="EUR"><PaymentTotals TransactionType="Debit" TransactionCount="17" TransactionAmount="353.61"/></TransactionTotals><TransactionTotals PaymentInstrumentType="Card" AcquirerID="876355543" HostReconciliationID="98535" CardBrand="ExpressCard" SaleID="SaleTermD" OperatorID="213" ShiftNumber="2" PaymentCurrency="EUR"><PaymentTotals TransactionType="Debit" TransactionCount="18" TransactionAmount="711.48"/><PaymentTotals TransactionType="ReverseDebit" TransactionCount="1" TransactionAmount="37.99"/></TransactionTotals><TransactionTotals PaymentInstrumentType="Card" AcquirerID="93582" CardBrand="SuperBonus" SaleID="SaleTermD" OperatorID="213" ShiftNumber="1"><LoyaltyTotals TransactionType="Award" TransactionCount="25" TransactionAmount="278"/></TransactionTotals><TransactionTotals PaymentInstrumentType="Card" AcquirerID="93582" CardBrand="SuperBonus" SaleID="SaleTermD" OperatorID="213" ShiftNumber="2"><LoyaltyTotals TransactionType="Award" TransactionCount="23" TransactionAmount="182"/></TransactionTotals></GetTotalsResponse></SaleToPOIResponse>