<?xml version="1.0" encoding="UTF-8"?><SaleToPOIResponse xmlns:xsi="http://www.w3.org/2001/XMLSchema-instance" xsi:noNamespaceSchemaLocation="EpasSaleToPOIMessages.xsd"><MessageHeader MessageClass="Service" MessageCategory="BalanceInquiry" MessageType="Response" ServiceID="629" SaleID="SaleTermA" POIID="POITerm1"/><BalanceInquiryResponse><Response Result="Success"/><PaymentAccountStatus CurrentBalance="832.59" Currency="EUR"><PaymentInstrumentData PaymentInstrumentType="Card"><CardData PaymentBrand="CardPlus" EntryMode="MagStripe"><SensitiveCardData PAN="6011014570541535" ExpiryDate="0411"/></CardData></PaymentInstrumentData><PaymentAcquirerData AcquirerID="400012" MerchantID="mer77-130209" AcquirerPOIID="963276433"><ApprovalCode>8347</ApprovalCode></PaymentAcquirerData></PaymentAccountStatus><LoyaltyAccountStatus CurrentBalance="112" LoyaltyUnit="Point"><LoyaltyAccount LoyaltyBrand="SuperBonus"><LoyaltyAccountID EntryMode="MagStripe" IdentificationType="PAN" IdentificationSupport="LinkedCard">8678252755678</LoyaltyAccountID></LoyaltyAccount></LoyaltyAccountStatus></BalanceInquiryResponse></SaleToPOIResponse>