<?xml version="1.0" encoding="UTF-8"?><SaleToPOIResponse xmlns:xsi="http://www.w3.org/2001/XMLSchema-instance" xsi:noNamespaceSchemaLocation="EpasSaleToPOIMessages.xsd"><MessageHeader MessageClass="Device" MessageCategory="Input" MessageType="Response" DeviceID="1375" SaleID="SaleTermA" POIID="POITerm1"/><InputResponse><InputResult Device="CustomerInput" InfoQualify="Input"><Response Result="Success"/><Input InputCommand="DigitString"><DigitInput>43824</DigitInput></Input></InputResult></InputResponse></SaleToPOIResponse>