<?xml version="1.0" encoding="UTF-8"?><SaleToPOIResponse xmlns:xsi="http://www.w3.org/2001/XMLSchema-instance" xsi:noNamespaceSchemaLocation="EpasSaleToPOIMessages.xsd"><MessageHeader MessageClass="Device" MessageCategory="Display" MessageType="Response" ServiceID="674" DeviceID="2" SaleID="SaleTermA" POIID="POITerm1"/><DisplayResponse><OutputResult Device="CashierDisplay" InfoQualify="Status"><Response Result="Success"/></OutputResult><OutputResult Device="CashierDisplay" InfoQualify="Error"><Response Result="Success"/></OutputResult></DisplayResponse></SaleToPOIResponse>