<?xml version="1.0" encoding="UTF-8"?><SaleToPOIResponse xmlns:xsi="http://www.w3.org/2001/XMLSchema-instance" xsi:noNamespaceSchemaLocation="EpasSaleToPOIMessages.xsd"><MessageHeader MessageClass="Device" MessageCategory="CardReaderInit" MessageType="Response" DeviceID="385" SaleID="SaleTermA" POIID="POITerm1"/><CardReaderInitResponse EntryMode="MagStripe"><Response Result="Success"/><TrackData TrackNumb="1">%B4970100202013617^CARTE DE DEVELOPPEMENT^1105901958097000000000000000000?</TrackData><TrackData>4970100202013617=11059019580970000000?</TrackData></CardReaderInitResponse></SaleToPOIResponse>