<?xml version="1.0" encoding="UTF-8"?><SaleToPOIRequest xmlns:xsi="http://www.w3.org/2001/XMLSchema-instance" xsi:noNamespaceSchemaLocation="EpasSaleToPOIMessages.xsd"><MessageHeader MessageClass="Device" MessageCategory="InputUpdate" MessageType="Request" DeviceID="260" SaleID="SaleTermA" POIID="POITerm1"/><InputUpdate><MessageReference DeviceID="259"/><OutputContent OutputFormat="Text"><OutputText>Select your car wash program (credit=5 euros)</OutputText></OutputContent></InputUpdate></SaleToPOIRequest>