<?xml version="1.0" encoding="UTF-8"?><SaleToPOIResponse xmlns:xsi="http://www.w3.org/2001/XMLSchema-instance" xsi:noNamespaceSchemaLocation="EpasSaleToPOIMessages.xsd"><MessageHeader ProtocolVersion="3.0" MessageClass="Service" MessageCategory="Diagnosis" MessageType="Response" ServiceID="660" SaleID="SaleTermA" POIID="POITerm1"/><DiagnosisResponse><Response Result="Success"/><LoggedSaleID>SaleTermA</LoggedSaleID><POIStatus GlobalStatus="OK" SecurityOKFlag="true" PEDOKFlag="true" CardReaderOKFlag="true" PrinterStatus="OK" CommunicationOKFlag="true"/><HostStatus AcquirerID="64592" IsReachableFlag="true"/><HostStatus AcquirerID="50265" IsReachableFlag="true"/></DiagnosisResponse></SaleToPOIResponse>