<?xml version="1.0" encoding="UTF-8"?><SaleToPOIResponse xmlns:xsi="http://www.w3.org/2001/XMLSchema-instance" xsi:noNamespaceSchemaLocation="EpasSaleToPOIMessages.xsd"><MessageHeader MessageClass="Service" MessageCategory="Payment" MessageType="Response" ServiceID="642" SaleID="SaleTermA" POIID="POITerm1"/><PaymentResponse><Response Result="Failure" ErrorCondition="Aborted"><AdditionalResponse>Service Aborted during Online Authorization - Reason: Waiting time - from: SaleTermA - MessageID: 498</AdditionalResponse></Response><SaleData><SaleTransactionID TransactionID="579" TimeStamp="2009-06-09T23:12:42.4+01:00"/></SaleData><POIData POIReconciliationID="200906091"><POITransactionID TransactionID="481" TimeStamp="2009-06-09T23:15:12.4+01:00"/></POIData><PaymentResult PaymentType="Normal"><PaymentInstrumentData PaymentInstrumentType="Card"><CardData PaymentBrand="CardPlus" EntryMode="MagStripe"><SensitiveCardData PAN="0011014570541535" ExpiryDate="0411"/></CardData></PaymentInstrumentData><AmountsResp AuthorizedAmount="104.11"/></PaymentResult></PaymentResponse></SaleToPOIResponse>