<?xml version="1.0" encoding="UTF-8"?><SaleToPOIResponse xmlns:xsi="http://www.w3.org/2001/XMLSchema-instance" xsi:noNamespaceSchemaLocation="EpasSaleToPOIMessages.xsd"><MessageHeader MessageClass="Service" MessageCategory="TransactionStatus" MessageType="Response" ServiceID="498" SaleID="SaleTermB" POIID="POITerm1"/><TransactionStatusResponse><Response Result="Success"/><MessageReference MessageCategory="Payment" ServiceID="642" SaleID="SaleTermA"/><RepeatedMessageResponse><MessageHeader MessageClass="Service" MessageCategory="Payment" MessageType="Response" ServiceID="642" SaleID="SaleTermA" POIID="POITerm1"/><PaymentResponse><Response Result="Success"/><SaleData><SaleTransactionID TransactionID="579" TimeStamp="2009-06-07T23:08:42.4+01:00"/></SaleData><POIData POIReconciliationID="200903101"><POITransactionID TransactionID="481" TimeStamp="2009-03-10T23:08:42.4+01:00"/></POIData><PaymentResult PaymentType="Normal"><PaymentInstrumentData PaymentInstrumentType="Card"><CardData PaymentBrand="CardPlus" EntryMode="MagStripe"><SensitiveCardData PAN="0011014570541535" ExpiryDate="0411"/></CardData></PaymentInstrumentData><AmountsResp AuthorizedAmount="104.11"/><PaymentAcquirerData AcquirerID="400012" MerchantID="mer77-130209" AcquirerPOIID="963276433"><ApprovalCode>8347</ApprovalCode></PaymentAcquirerData></PaymentResult></PaymentResponse></RepeatedMessageResponse></TransactionStatusResponse></SaleToPOIResponse>